Id,Title,Category,Diagram,Interaction,Priority,State,Changed By,Description,Justification,Last Modified,Possible Mitigation(s),SDL Phase
1,Credential Interception,Information Disclosure,Diagram 1,Login / Scan Input [HTTPS : 443],High,Mitigated,DESKTOP-N2LUM4B\admin,User credentials could be intercepted if HTTPS or certificate setup fails.,Login happens over external network.,15-10-2025 00:14,"Force HTTPS 443, HSTS, redirect HTTP?HTTPS, certificate monitoring.",Design
2,JWT Token Leak / Replay Attack,Spoofing,Diagram 1,API Calls with JWT [HTTPS : 443],High,Not Started,DESKTOP-N2LUM4B\admin,Stolen or replayed JWTs can impersonate users.,Tokens travel across boundary each request.,15-10-2025 00:15,"Use HTTPS, short expiry, verify signature, rotate tokens.",Implementation
3,SQL Injection via Scan Input,Tampering,Diagram 1,"Store / Retrieve Users, Scans, Findings, Threats [PostgreSQL : 5432]",High,Not Started,DESKTOP-N2LUM4B\admin,Unvalidated input can modify DB queries.,Dynamic queries may be used to store scan data.,15-10-2025 00:16,"Use ORM/parameterized queries, input validation.",Implementation
4,Unauthorized ZAP API Access,Spoofing,Diagram 1,Start Scan / Fetch Report [HTTP API : 8080],High,Not Started,DESKTOP-N2LUM4B\admin,Open ZAP API allows unauthorized scan triggers or report downloads.,ZAP listens on port 8080 by default.,15-10-2025 00:17,"Bind to localhost, API key, firewall rules.",Design
5,Out-of-Scope Scanning / DoS,Repudiation / DoS,Diagram 1,Active Scan Traffic [HTTP/HTTPS : 80 / 443],Medium,Not Started,DESKTOP-N2LUM4B\admin,ZAP may hit unauthorized targets or overload sites.,No scope check before scan launch.,15-10-2025 00:18,"Domain allowlist, logging, rate limit, user authorization.",Design
6,Sensitive Data Exposure in Findings,Information Disclosure,Diagram 1,Send Scan Results / Threat Data [HTTPS : 443],High,Not Started,DESKTOP-N2LUM4B\admin,"Reports may contain cookies, tokens, internal URLs",Findings returned to user browser.,15-10-2025 00:19,"Sanitize output, mask secrets, role-based access.",Implementation
7,Missing Authorization on /scans Endpoint,Elevation of Privilege,Diagram 1,API Calls with JWT [HTTPS : 443],High,Not Started,DESKTOP-N2LUM4B\admin,Unauthenticated users could trigger scans,Endpoint exposed without JWT check.,15-10-2025 00:24,Require JWT and role validation (admin/analyst).,Implementation
8,Excessive Database Privileges,Elevation of Privilege,Diagram 1,"Store / Retrieve Users, Scans, Findings, Threats [PostgreSQL : 5432]",High,Not Started,DESKTOP-N2LUM4B\admin,DB account has superuser rights or open 5432 port.,Over-privileged service account.,15-10-2025 00:25,"Least privilege roles, restrict network, rotate creds.",Design
9,Stored XSS in Scan Results,Tampering,Diagram 1,Send Scan Results / Threat Data [HTTPS : 443],High,Not Started,DESKTOP-N2LUM4B\admin,Malicious payload stored in report executes on display.,Findings rendered in browser.,15-10-2025 00:26,"Escape HTML, sanitize input, Content-Security-Policy.",Implementation
